outcome,n_cond0,n_cond1,obs_per_patient,observed_d,observed_mean_diff,pooled_sd_patient,icc_estimate,power_patient_level,power_clustered,mde_d_80pct,mde_score_units,n_per_group_for_80pct,alpha
depth,14,18,16,-0.15641187436370038,-0.12053571428571419,0.7706302016778834,0.5346431764951382,0.07234796470244632,0.08998028929285354,0.9983401929551496,0.7693511042401641,571,0.05
extent,14,18,16,-0.07078120197003733,-0.03819444444444442,0.539612826306802,0.42065008055555303,0.05453175147968354,0.05995050108231095,0.9983401929551496,0.5387171731362064,2786,0.05
composite,14,18,16,-0.12307110464566869,-0.15873015873015905,1.2897435119897198,0.5195770314767273,0.06377305582216496,0.07521120350292121,0.9983401929551496,1.2876027866224693,922,0.05
