term,coef,exp_coef,se_coef,z,pvalue
condition1,,,0.0,,
graderGrader 2,-0.296988798665371,0.743052335493181,0.24464973668205,-1.21393467531642,0.22477267032476
