term,coef,exp_coef,se_coef,z,pvalue
condition1,,,0.0,,
graderGrader 2,0.858226655010668,2.35897370811284,0.249887598745484,3.43445076634151,0.0005937559208713
