term,coef,exp_coef,se_coef,z,pvalue
condition1,,,0.0,,
graderGrader 2,-0.556389910210719,0.573274906552953,0.227146485089711,-2.44947620470981,0.0143064162352838
