term,coef,exp_coef,se_coef,z,pvalue
condition1,,,0.0,,
graderGrader 2,-0.606229643909599,0.5454033622165,0.227490369041927,-2.6648585013191,0.0077020722832314
