condition,score,count,proportion,outcome
0,0,55,0.24553571428571427,depth
0,1,90,0.4017857142857143,depth
0,2,49,0.21875,depth
0,3,29,0.12946428571428573,depth
0,4,1,0.004464285714285714,depth
1,0,99,0.34375,depth
1,1,100,0.3472222222222222,depth
1,2,50,0.1736111111111111,depth
1,3,32,0.1111111111111111,depth
1,4,7,0.024305555555555556,depth
