condition,score,count,proportion,outcome
0,0,54,0.24107142857142858,extent
0,1,121,0.5401785714285714,extent
0,2,44,0.19642857142857142,extent
0,3,5,0.022321428571428572,extent
0,4,0,0.0,extent
1,0,98,0.3402777777777778,extent
1,1,120,0.4166666666666667,extent
1,2,56,0.19444444444444445,extent
1,3,11,0.03819444444444445,extent
1,4,3,0.010416666666666666,extent
