outcome,condition,n,mean,sd,median,q1,q3,min,max
extent,0,224,1.0,0.7274255852407036,1.0,1.0,1.0,0,3
extent,1,288,0.9618055555555556,0.8845949507362015,1.0,0.0,1.0,0,4
