outcome,mean_diff_g1_minus_g2,sd_diff,paired_t_stat,paired_t_p,wilcoxon_stat,wilcoxon_p,systematic_bias
depth,0.18359375,0.5953120577297518,4.934386867960113,1.4526890306856267e-06,690.0,2.6964105863240064e-06,True
extent,-0.01953125,0.6100541401560755,-0.512249617583204,0.608919696836945,1464.5,0.6703062604434737,False
